N,P,K,temperature,humidity,ph,rainfall,label
62.5,43.6,46.5,24.6,58.8,6.71,84.0,mustard
66.5,40.3,45.4,18.6,57.7,6.9,42.0,mustard
29.1,39.4,29.9,20.9,55.5,6.24,82.6,mustard
51.6,45.7,25.8,18.4,60.6,6.34,69.5,mustard
46.0,42.1,34.0,25.6,59.9,6.38,74.9,mustard
36.7,47.1,20.4,16.0,61.0,7.1,67.1,mustard
53.3,42.0,25.2,17.8,57.7,7.22,69.1,mustard
28.6,48.2,36.1,18.0,63.1,7.21,76.2,mustard
42.4,41.9,43.3,22.9,57.6,6.73,51.7,mustard
37.1,53.1,53.6,19.8,65.0,6.94,57.3,mustard
60.4,60.4,39.6,24.7,46.9,7.13,66.0,mustard
50.5,45.9,20.1,19.3,61.8,7.39,58.8,mustard
42.9,40.0,49.2,21.0,57.4,7.01,66.2,mustard
69.5,38.0,36.7,18.8,52.7,6.92,68.1,mustard
55.1,42.7,25.8,18.7,58.3,6.48,63.1,mustard
61.1,63.9,41.7,20.8,59.6,6.03,64.7,mustard
55.9,69.6,38.1,20.9,59.8,6.33,78.7,mustard
66.3,52.9,30.9,24.2,53.0,7.03,91.3,mustard
40.1,39.3,41.0,18.5,52.2,6.83,52.3,mustard
62.1,35.8,55.5,17.7,58.4,7.13,50.2,mustard
58.4,58.1,23.9,20.6,61.3,7.11,50.2,mustard
35.2,50.2,43.0,20.8,61.7,6.53,67.8,mustard
59.4,37.9,58.7,21.4,54.0,7.06,53.3,mustard
66.8,56.6,31.8,22.9,62.1,7.13,87.8,mustard
51.3,37.5,31.1,17.6,59.6,6.94,68.3,mustard
67.4,45.1,54.5,19.2,73.6,7.05,54.7,mustard
38.9,49.8,37.8,22.1,62.4,6.77,54.8,mustard
32.3,40.5,48.6,20.6,53.8,6.87,69.6,mustard
41.7,46.5,40.6,16.6,61.8,7.02,78.0,mustard
70.8,31.2,30.6,21.5,62.6,7.01,111.2,mustard
63.6,56.4,49.5,22.0,58.4,7.1,55.7,mustard
51.4,40.1,40.8,26.9,50.7,7.07,45.6,mustard
47.9,55.9,40.6,16.8,56.4,7.07,56.2,mustard
58.2,45.5,33.5,26.4,63.2,5.99,67.2,mustard
45.1,53.5,32.1,19.7,62.5,7.15,50.6,mustard
50.0,40.3,33.5,25.3,62.0,6.3,76.0,mustard
86.8,55.3,24.8,18.5,66.3,6.52,70.3,mustard
66.6,35.7,39.4,10.3,54.9,6.7,50.0,mustard
79.5,30.7,35.6,20.4,67.2,6.23,79.0,mustard
55.2,35.2,44.6,20.6,57.0,6.83,60.4,mustard
56.7,51.6,55.9,16.3,70.7,6.02,63.2,mustard
63.8,47.8,33.8,19.4,57.5,6.56,75.2,mustard
60.4,38.1,49.0,20.9,64.1,7.05,55.1,mustard
46.6,52.5,46.1,19.9,60.6,7.31,57.9,mustard
63.2,43.0,37.8,23.3,64.1,7.13,80.7,mustard
55.3,51.8,36.9,21.0,59.3,6.84,72.1,mustard
42.7,65.9,29.9,16.4,65.8,7.12,72.5,mustard
64.4,44.9,31.0,20.2,56.6,7.19,63.2,mustard
42.6,41.8,44.1,18.3,55.9,6.9,67.9,mustard
47.4,40.3,42.3,15.7,53.0,6.51,62.4,mustard
59.7,59.8,48.6,19.5,59.9,6.4,64.8,mustard
50.7,48.2,31.7,21.6,67.7,6.76,69.8,mustard
65.4,41.0,42.2,20.0,60.5,6.49,65.3,mustard
62.5,59.5,49.6,26.5,56.2,7.15,67.2,mustard
87.8,36.9,31.6,18.2,49.4,6.59,55.9,mustard
57.3,48.4,58.8,22.9,57.1,6.44,70.9,mustard
35.2,63.3,51.8,18.6,51.4,7.34,63.6,mustard
73.6,29.1,34.0,20.0,60.2,6.62,72.5,mustard
39.0,43.6,41.2,21.5,63.6,6.35,46.6,mustard
74.2,48.3,32.5,24.7,60.6,7.27,65.8,mustard
85.9,62.6,37.5,22.9,63.2,7.35,53.4,mustard
65.3,55.6,22.4,16.5,49.8,6.69,73.6,mustard
77.5,45.7,56.3,15.9,51.5,6.78,69.6,mustard
54.5,24.3,39.1,16.1,63.3,6.95,53.7,mustard
47.3,34.4,39.4,22.9,55.1,7.0,58.6,mustard
43.1,43.9,29.6,18.3,54.0,7.59,65.4,mustard
44.5,47.1,38.9,19.3,63.1,7.1,58.6,mustard
46.4,42.2,17.0,15.5,66.8,7.46,62.0,mustard
63.6,48.1,70.8,23.4,59.4,6.42,45.7,mustard
58.1,37.4,25.8,18.1,54.6,7.47,75.6,mustard
54.9,59.8,40.8,17.4,67.6,7.02,52.6,mustard
52.1,36.2,26.2,22.8,69.5,6.24,71.8,mustard
45.2,40.1,34.1,17.4,60.2,6.47,68.2,mustard
54.2,42.6,30.9,18.3,63.8,7.0,53.3,mustard
56.5,52.5,23.3,21.6,56.7,7.03,55.8,mustard
27.9,28.7,40.5,20.8,55.5,7.06,45.1,mustard
54.0,32.9,33.5,20.1,55.7,6.65,77.1,mustard
46.3,53.4,28.7,21.6,67.2,5.81,55.4,mustard
63.7,43.0,43.7,18.2,60.4,6.74,79.0,mustard
58.8,48.4,35.9,18.5,57.8,6.96,59.9,mustard
59.3,65.8,48.7,19.0,66.0,6.64,40.5,mustard
39.9,26.3,36.5,20.1,68.4,6.93,62.4,mustard
67.4,22.9,42.4,22.3,52.6,7.26,69.1,mustard
48.8,51.3,62.7,20.5,61.2,6.62,54.8,mustard
67.5,36.4,40.7,18.6,62.4,6.93,77.5,mustard
47.3,42.3,30.2,18.7,61.9,7.1,53.9,mustard
68.0,58.6,44.1,25.6,56.1,6.3,43.7,mustard
77.4,51.5,39.4,20.8,54.4,7.78,66.6,mustard
56.6,52.3,44.8,20.7,56.0,6.99,87.6,mustard
75.2,60.9,34.9,17.0,59.4,6.82,78.1,mustard
29.6,60.3,38.4,18.7,54.9,6.14,74.9,mustard
56.1,32.1,27.0,19.0,68.3,6.7,47.0,mustard
51.3,42.3,13.0,19.8,58.8,7.08,87.2,mustard
71.9,42.3,28.9,27.7,60.3,6.81,64.7,mustard
58.0,43.6,34.3,18.4,59.8,6.58,56.4,mustard
56.6,42.5,55.0,12.0,65.5,7.3,40.1,mustard
49.9,41.3,25.9,17.7,54.4,7.5,76.2,mustard
74.1,52.2,28.7,18.4,62.4,6.31,73.6,mustard
51.4,41.3,47.1,21.3,58.2,7.26,52.0,mustard
64.2,50.9,36.9,21.0,53.7,7.17,62.8,mustard
47.2,55.5,33.0,15.8,52.2,7.04,49.6,mustard
81.3,24.2,57.0,20.6,59.5,6.58,69.8,mustard
54.4,56.0,41.1,20.5,58.2,6.78,68.7,mustard
29.3,31.5,47.4,20.5,59.1,6.81,69.2,mustard
46.9,37.2,42.0,17.1,62.0,6.12,77.3,mustard
62.1,47.6,49.8,25.0,65.1,6.06,49.6,mustard
45.6,45.3,45.2,17.8,60.9,6.5,57.7,mustard
33.9,35.8,26.5,17.1,65.3,6.42,96.6,mustard
62.4,46.8,31.4,22.1,57.1,6.85,95.7,mustard
53.6,56.5,33.0,19.9,68.9,6.55,86.7,mustard
65.6,39.4,46.3,22.9,63.1,6.17,56.3,mustard
51.3,44.3,46.2,20.5,53.3,6.95,72.3,mustard
63.4,55.8,48.3,21.4,59.6,6.14,70.2,mustard
58.1,47.7,27.2,16.8,65.3,6.78,73.2,mustard
55.4,45.3,49.4,18.5,60.5,6.62,59.8,mustard
50.4,47.2,35.2,23.8,55.5,6.73,59.7,mustard
76.7,47.0,50.3,15.5,61.3,7.16,66.0,mustard
71.0,39.8,54.1,26.9,58.2,6.62,82.4,mustard
78.7,39.8,35.8,19.2,53.3,6.43,53.0,mustard
43.5,44.7,42.3,24.7,55.0,7.19,62.4,mustard
54.3,51.7,28.8,21.1,60.8,7.0,68.5,mustard
91.8,38.6,34.7,18.1,57.2,6.55,79.3,mustard
76.3,39.3,31.7,21.4,57.2,7.05,67.4,mustard
32.3,60.5,58.0,18.2,58.1,6.91,69.0,mustard
64.9,65.1,38.2,17.6,53.1,6.51,64.6,mustard
81.9,39.8,42.2,20.0,65.9,7.81,58.6,mustard
47.7,55.4,46.8,25.5,62.9,6.66,72.1,mustard
71.6,53.2,45.1,23.2,65.8,7.35,72.8,mustard
52.5,46.5,52.1,17.5,61.8,6.64,65.3,mustard
74.2,46.9,40.5,15.9,63.7,7.06,91.0,mustard
50.4,47.2,42.5,24.7,59.5,6.91,72.3,mustard
57.8,40.5,41.9,23.2,54.9,6.85,56.6,mustard
72.9,29.8,34.4,21.1,67.8,6.77,58.3,mustard
83.2,30.5,18.0,21.3,57.5,6.39,73.5,mustard
58.7,39.4,27.2,22.6,63.3,6.76,87.2,mustard
38.9,29.7,33.1,19.9,61.2,6.7,69.2,mustard
36.2,59.4,39.2,23.4,61.7,6.98,71.8,mustard
61.7,51.4,53.3,20.6,63.5,6.76,82.3,mustard
44.9,63.0,39.6,15.7,60.6,6.53,75.1,mustard
45.2,40.5,21.1,18.6,47.9,6.17,74.1,mustard
66.8,49.3,30.3,19.9,60.0,6.34,83.0,mustard
68.2,42.8,40.3,20.6,49.8,6.7,56.8,mustard
40.0,42.2,58.0,21.9,57.1,7.03,81.8,mustard
68.9,45.6,33.5,22.1,62.0,7.16,72.6,mustard
70.7,39.6,53.2,20.6,70.4,6.52,85.8,mustard
58.0,38.5,35.2,19.0,62.1,7.01,58.1,mustard
54.6,66.4,57.3,21.3,60.2,6.85,72.4,mustard
39.7,42.4,23.3,21.2,63.2,6.61,83.9,mustard
36.6,30.4,42.2,23.1,68.4,6.62,77.9,mustard
54.4,43.3,48.8,22.0,52.1,7.39,81.6,mustard
37.5,64.7,75.9,21.8,51.7,6.93,54.7,chickpea
59.1,66.5,65.6,23.3,37.9,7.66,37.6,chickpea
40.7,46.6,54.5,24.5,52.2,7.34,54.5,chickpea
50.7,60.9,54.6,24.0,52.0,6.58,50.7,chickpea
63.0,70.2,65.8,20.0,53.1,8.03,58.8,chickpea
50.2,72.4,72.9,20.2,53.8,7.17,54.6,chickpea
53.7,60.6,78.8,20.8,55.5,6.4,64.2,chickpea
49.2,72.0,35.2,27.3,54.2,7.64,44.6,chickpea
52.4,47.4,62.5,26.7,53.9,7.29,63.7,chickpea
50.9,61.8,74.4,28.2,54.7,7.28,65.5,chickpea
58.3,74.2,77.7,17.6,64.8,6.74,58.0,chickpea
35.9,59.2,73.9,22.0,57.5,7.85,59.5,chickpea
42.1,71.6,84.3,17.3,58.6,7.48,52.0,chickpea
61.5,58.2,71.5,20.5,55.1,6.76,40.6,chickpea
64.1,49.8,58.1,14.5,51.2,6.67,71.4,chickpea
57.1,51.7,97.0,23.9,53.1,6.2,77.9,chickpea
28.3,40.3,82.3,28.3,63.3,7.43,60.9,chickpea
55.2,69.1,73.4,21.3,54.6,6.9,52.2,chickpea
24.7,58.8,58.1,17.7,56.1,7.76,64.2,chickpea
26.2,48.1,81.3,18.1,53.7,7.42,45.3,chickpea
46.3,44.0,62.8,22.0,45.4,7.38,54.8,chickpea
51.6,62.7,86.4,21.4,52.4,7.25,60.4,chickpea
45.6,60.5,61.6,19.0,46.6,7.9,42.6,chickpea
36.7,51.4,80.7,20.1,62.5,6.93,57.8,chickpea
35.0,85.7,55.7,21.9,58.8,7.37,53.1,chickpea
43.4,60.5,68.2,23.9,68.3,6.98,41.3,chickpea
43.9,91.0,60.4,25.9,65.1,6.98,60.7,chickpea
64.5,55.5,67.6,19.3,48.9,6.94,42.8,chickpea
45.4,50.8,72.8,16.3,57.0,7.53,35.1,chickpea
49.5,74.7,55.5,26.0,57.5,6.92,54.4,chickpea
51.7,60.9,76.5,18.2,56.0,6.63,53.9,chickpea
34.2,51.2,84.8,24.3,58.7,6.76,51.8,chickpea
59.6,61.7,97.8,22.2,56.2,7.08,56.3,chickpea
43.2,68.5,81.5,18.6,47.0,6.47,60.1,chickpea
31.8,34.2,74.7,28.5,55.0,7.54,55.8,chickpea
43.8,71.0,66.5,21.8,56.9,6.93,64.9,chickpea
42.9,50.9,76.4,18.3,55.2,7.2,65.9,chickpea
50.7,59.7,79.8,25.2,58.3,7.2,41.9,chickpea
32.2,56.3,62.7,20.4,55.3,7.41,54.3,chickpea
50.8,60.8,46.3,18.2,54.1,6.72,61.0,chickpea
63.4,74.6,67.4,25.5,55.9,7.07,48.9,chickpea
41.4,55.3,72.0,21.5,55.0,7.37,66.9,chickpea
56.4,42.2,39.4,23.8,46.8,7.11,43.3,chickpea
23.4,66.5,79.1,19.3,39.5,6.98,58.9,chickpea
27.3,62.2,69.8,22.7,55.7,6.81,67.0,chickpea
43.1,59.7,58.8,19.7,49.7,7.13,72.1,chickpea
28.5,40.6,87.7,20.4,51.0,7.62,48.9,chickpea
66.9,68.1,64.1,27.5,51.4,7.5,58.0,chickpea
60.6,78.7,70.4,18.7,57.8,6.93,75.1,chickpea
46.6,55.6,72.2,17.0,49.2,7.68,48.4,chickpea
32.4,66.4,84.2,23.2,61.0,6.9,40.8,chickpea
63.0,56.1,67.0,25.0,58.3,7.38,76.7,chickpea
37.3,71.1,70.7,21.8,64.2,7.4,60.4,chickpea
57.9,55.6,59.9,17.9,43.2,8.02,44.0,chickpea
42.3,56.7,73.7,23.4,60.2,6.97,53.3,chickpea
48.4,57.0,89.3,22.5,59.4,7.47,66.7,chickpea
47.2,44.4,74.8,19.0,51.8,7.43,67.4,chickpea
45.3,63.7,90.4,21.7,70.6,7.43,37.4,chickpea
54.0,64.6,85.5,23.0,54.2,6.71,52.9,chickpea
34.8,53.0,77.1,26.0,57.4,6.72,59.4,chickpea
59.4,52.7,68.4,21.0,50.3,7.46,53.8,chickpea
50.0,49.4,64.8,23.2,52.8,7.89,51.0,chickpea
47.7,71.2,53.0,15.7,45.8,7.71,49.5,chickpea
75.7,53.2,72.2,25.6,67.0,8.02,67.1,chickpea
57.3,67.1,79.3,19.3,50.1,7.2,53.3,chickpea
39.6,68.4,81.5,21.3,63.9,6.74,53.1,chickpea
36.4,37.6,69.0,20.6,64.1,7.45,44.8,chickpea
67.2,74.7,77.0,20.3,49.2,7.05,65.9,chickpea
67.6,78.5,64.1,17.6,55.8,6.49,58.2,chickpea
43.2,54.4,50.9,22.5,51.8,6.73,26.3,chickpea
44.7,81.3,89.9,19.6,51.4,7.39,45.0,chickpea
48.6,69.2,84.7,20.7,53.8,6.85,46.7,chickpea
42.3,64.4,81.0,18.6,64.0,7.09,54.8,chickpea
36.0,30.9,80.6,23.2,53.3,7.23,60.2,chickpea
26.2,53.7,79.5,17.2,56.8,6.66,59.7,chickpea
44.6,40.6,84.0,18.8,50.1,7.28,66.5,chickpea
32.8,60.7,75.1,23.1,56.1,7.05,46.7,chickpea
46.0,47.1,34.9,22.3,60.4,6.25,44.9,chickpea
52.4,84.7,70.2,18.8,53.9,7.75,48.5,chickpea
35.4,54.2,58.6,21.4,64.7,7.33,52.5,chickpea
41.5,41.2,80.6,20.8,53.9,8.48,58.0,chickpea
36.0,54.9,83.8,21.3,46.4,7.57,48.3,chickpea
67.5,73.0,64.6,24.8,55.4,7.54,59.8,chickpea
34.8,52.3,82.4,20.0,52.6,6.82,59.2,chickpea
69.8,47.2,70.3,25.2,54.5,7.38,44.4,chickpea
50.1,57.8,81.8,24.6,70.5,7.43,58.3,chickpea
47.3,55.8,74.1,20.1,56.0,7.73,44.9,chickpea
58.7,75.8,68.6,14.6,51.4,7.72,54.8,chickpea
33.0,53.9,80.1,22.6,53.6,7.05,51.1,chickpea
33.9,79.4,66.1,24.7,64.1,7.6,50.7,chickpea
49.8,59.7,59.2,22.0,47.9,7.68,50.4,chickpea
47.4,63.4,66.9,22.8,52.2,7.55,41.5,chickpea
46.5,83.3,58.0,19.0,58.1,7.27,58.5,chickpea
50.9,67.6,83.3,22.2,53.6,7.47,74.0,chickpea
43.4,48.3,83.3,20.6,42.0,7.54,49.6,chickpea
43.9,64.0,72.3,23.1,52.4,7.41,52.4,chickpea
53.9,67.4,58.8,24.3,51.8,7.52,58.7,chickpea
67.1,57.3,65.8,20.9,53.2,7.52,38.8,chickpea
32.4,47.2,81.4,26.1,54.4,7.13,55.7,chickpea
58.9,48.9,72.9,23.9,58.0,7.28,65.0,chickpea
12.6,68.1,62.2,15.5,58.1,7.75,53.6,chickpea
56.4,79.3,85.8,25.9,59.5,7.23,39.0,chickpea
42.0,49.9,96.1,20.5,55.7,7.42,55.4,chickpea
65.3,52.5,72.3,18.8,47.1,6.96,54.6,chickpea
39.8,51.7,53.1,20.8,46.0,7.5,55.8,chickpea
27.5,56.3,61.0,22.0,63.0,6.45,56.2,chickpea
43.1,68.1,72.6,18.7,53.1,6.88,65.8,chickpea
45.3,82.8,69.3,18.9,45.9,6.48,39.2,chickpea
48.2,66.1,51.0,23.7,52.1,7.26,71.1,chickpea
55.8,56.8,59.3,14.5,50.7,7.12,45.1,chickpea
43.4,60.9,67.3,19.0,56.0,7.38,44.1,chickpea
61.9,58.8,70.2,23.1,56.4,7.58,57.9,chickpea
37.7,64.3,56.3,21.3,54.8,7.12,53.7,chickpea
22.4,53.4,71.1,21.5,48.8,7.71,46.3,chickpea
56.6,65.1,62.2,26.3,47.8,7.57,65.0,chickpea
37.0,76.7,67.0,21.9,56.6,7.15,63.1,chickpea
54.5,39.0,85.7,16.0,61.2,7.65,44.1,chickpea
40.1,46.7,67.4,20.1,59.7,7.72,69.0,chickpea
38.3,57.5,49.8,18.6,60.8,7.85,42.7,chickpea
37.9,59.7,73.4,18.6,57.5,7.01,54.9,chickpea
51.6,60.1,64.8,20.7,54.5,7.05,52.4,chickpea
64.2,66.7,66.5,23.1,53.0,7.67,58.7,chickpea
43.7,65.4,51.1,17.6,47.8,7.26,72.3,chickpea
71.8,67.7,76.0,15.6,51.7,6.88,48.8,chickpea
43.0,54.3,46.2,23.2,48.6,7.3,75.7,chickpea
34.0,29.6,66.6,24.3,66.8,6.71,60.0,chickpea
39.4,58.7,101.7,16.5,56.5,7.39,65.9,chickpea
46.2,63.7,65.3,21.8,52.9,7.45,51.3,chickpea
49.5,59.6,83.5,20.8,44.4,7.7,45.9,chickpea
37.2,52.9,86.5,14.6,73.8,7.62,57.2,chickpea
44.3,63.4,76.3,22.9,58.3,7.24,53.0,chickpea
43.2,57.7,83.6,22.8,37.4,7.46,56.9,chickpea
44.8,55.3,83.5,23.8,50.4,7.36,45.3,chickpea
28.4,52.5,80.3,23.9,58.1,7.49,60.2,chickpea
37.3,65.2,79.6,23.3,62.1,7.48,58.5,chickpea
57.8,59.7,59.4,20.5,50.5,6.93,53.6,chickpea
35.5,56.3,47.3,21.6,55.0,6.87,61.6,chickpea
56.3,40.7,60.8,18.7,49.4,7.53,53.1,chickpea
41.8,36.0,77.6,17.3,55.4,7.31,68.6,chickpea
29.3,23.8,72.2,26.4,62.4,7.28,50.1,chickpea
54.7,48.3,75.7,22.5,61.4,8.3,58.9,chickpea
38.9,59.7,48.8,18.9,52.5,6.99,56.5,chickpea
35.1,73.5,70.0,21.0,53.0,7.26,63.3,chickpea
34.6,52.1,66.4,17.0,50.1,7.01,63.7,chickpea
48.2,62.3,80.2,20.6,57.3,7.16,57.7,chickpea
38.0,30.7,68.4,25.3,60.6,7.59,67.4,chickpea
46.1,62.4,62.6,20.1,58.7,7.68,53.6,chickpea
39.6,60.0,77.2,16.7,41.2,6.98,42.8,chickpea
38.9,58.2,64.6,25.4,57.0,7.32,61.2,chickpea
31.3,72.5,69.1,23.0,48.6,6.58,63.2,chickpea
100.6,41.0,46.3,22.4,67.9,6.69,92.0,potato
104.6,46.7,61.0,17.4,74.0,6.21,90.0,potato
106.1,44.9,52.7,16.0,59.6,6.14,158.3,potato
106.8,49.8,52.4,19.1,78.3,5.85,132.3,potato
105.7,57.2,59.4,19.1,79.0,6.38,102.9,potato
86.4,51.0,70.5,15.3,66.2,6.25,111.0,potato
97.6,52.4,52.8,23.5,65.4,5.95,107.9,potato
70.4,48.2,71.6,19.1,76.4,5.82,97.7,potato
89.4,46.8,67.8,20.7,68.3,6.27,120.0,potato
112.1,65.8,44.8,16.6,67.5,6.13,119.3,potato
109.8,49.2,51.8,19.5,70.0,6.83,77.8,potato
97.8,70.2,55.1,18.4,72.9,6.15,137.5,potato
61.8,65.3,40.8,18.2,72.4,6.38,78.0,potato
101.9,70.2,41.4,19.6,71.0,6.33,110.4,potato
85.4,54.9,73.0,18.4,79.3,5.81,90.9,potato
102.1,64.8,58.6,18.1,75.0,5.82,122.1,potato
108.2,45.5,50.3,19.8,72.4,6.18,152.0,potato
91.3,46.4,48.5,21.2,73.9,6.01,136.4,potato
116.3,44.0,36.3,22.0,70.9,6.44,70.6,potato
108.4,37.9,62.3,19.0,69.3,6.08,123.7,potato
96.6,55.8,74.8,14.3,84.7,6.23,92.0,potato
75.0,48.1,64.2,18.6,84.1,5.76,109.8,potato
76.2,53.6,63.9,17.7,59.4,6.26,118.7,potato
101.1,62.4,44.3,21.0,82.2,5.67,116.4,potato
87.4,49.2,58.5,17.5,70.9,6.21,88.3,potato
78.7,56.8,43.5,21.0,77.8,5.68,96.4,potato
112.9,40.2,50.4,20.4,79.7,6.12,98.0,potato
116.3,67.4,64.8,19.3,70.2,5.95,120.5,potato
101.3,64.0,61.5,14.5,81.3,5.9,102.3,potato
98.8,70.0,86.1,20.8,73.9,6.36,127.8,potato
90.2,68.0,57.3,20.5,79.0,6.33,126.8,potato
85.7,44.4,44.0,20.3,79.7,6.34,143.5,potato
94.9,56.7,44.1,17.8,79.2,6.45,104.1,potato
93.9,34.8,51.4,21.7,78.5,6.35,111.0,potato
95.1,43.4,62.0,20.3,78.0,6.04,66.9,potato
111.5,45.2,46.4,21.1,72.6,6.52,122.3,potato
105.3,36.3,67.1,19.8,72.8,6.24,74.5,potato
101.1,39.7,41.5,14.4,81.7,6.01,140.7,potato
87.0,32.9,43.8,22.7,74.1,6.04,113.2,potato
102.5,61.2,69.5,17.9,67.0,6.08,115.2,potato
80.5,40.4,58.4,18.9,75.2,5.97,105.4,potato
81.1,58.9,65.4,13.5,69.4,5.75,97.0,potato
93.7,35.5,45.8,16.0,76.2,6.22,95.6,potato
97.7,44.5,52.3,24.0,83.0,5.81,126.6,potato
107.2,38.5,63.2,23.6,68.3,5.92,130.4,potato
99.1,55.5,58.4,20.2,67.0,6.51,133.4,potato
91.6,49.6,39.7,20.5,78.4,6.18,132.5,potato
90.0,55.6,44.8,18.9,74.0,6.27,102.6,potato
93.0,58.3,50.6,14.2,85.5,6.61,84.2,potato
105.3,45.0,57.6,19.9,73.6,5.96,96.2,potato
81.3,41.7,54.3,16.9,79.1,6.65,98.4,potato
98.6,55.0,59.7,19.2,79.5,6.34,85.2,potato
108.0,58.9,47.4,19.1,79.1,6.14,131.5,potato
130.5,42.1,41.2,19.9,79.3,6.13,139.1,potato
74.9,56.9,48.9,24.2,87.0,5.97,99.0,potato
107.9,46.1,54.5,19.1,63.5,6.2,96.2,potato
87.6,64.4,42.4,21.4,73.3,6.12,125.8,potato
100.1,55.7,64.7,18.0,71.3,5.87,93.5,potato
139.2,62.4,41.5,15.0,77.9,6.36,121.0,potato
91.2,48.7,58.3,19.3,61.7,6.13,93.0,potato
97.6,79.9,58.7,18.1,80.5,6.34,118.4,potato
104.1,70.6,43.7,20.4,69.4,6.37,91.6,potato
88.7,47.0,64.8,21.8,67.5,6.22,95.8,potato
76.1,47.8,51.9,26.3,77.6,5.79,98.7,potato
110.3,70.9,39.1,13.4,86.2,6.32,92.6,potato
103.0,23.6,55.0,20.0,80.5,5.9,111.7,potato
81.1,52.6,46.0,17.8,69.0,6.4,127.2,potato
91.5,50.4,40.5,18.1,74.7,6.99,87.8,potato
117.0,60.0,57.8,24.3,77.2,6.32,108.9,potato
113.4,61.0,48.7,15.0,73.8,5.96,108.7,potato
113.6,45.4,54.6,19.2,80.1,5.53,97.9,potato
98.2,62.0,50.1,13.4,78.7,6.01,86.2,potato
85.6,48.2,49.0,12.4,80.4,6.58,123.0,potato
77.9,48.0,54.9,20.8,79.0,5.98,111.6,potato
101.9,64.6,62.0,21.4,75.5,6.62,118.2,potato
82.1,64.0,62.0,17.7,72.1,6.29,119.3,potato
98.0,53.1,72.0,22.2,76.1,6.48,89.3,potato
101.0,68.1,52.8,16.5,71.1,5.87,94.3,potato
89.4,35.9,55.2,21.7,69.6,6.66,120.2,potato
110.5,43.4,63.5,15.7,80.3,6.25,121.1,potato
77.4,41.0,61.0,16.2,77.8,5.79,127.0,potato
76.5,55.5,61.3,16.9,78.5,6.28,99.2,potato
79.9,30.4,58.5,14.3,75.6,6.12,123.6,potato
90.5,46.7,62.3,20.0,76.9,6.34,79.3,potato
106.4,56.1,44.8,18.3,74.8,6.16,116.7,potato
116.5,60.8,41.9,20.9,83.0,6.32,131.8,potato
125.2,60.2,57.5,22.1,75.9,6.21,103.0,potato
118.5,41.8,70.3,20.5,66.6,6.31,68.0,potato
104.4,58.9,49.1,19.4,86.7,6.05,88.8,potato
117.2,69.6,55.0,22.0,83.0,5.98,100.3,potato
113.5,66.9,60.6,16.4,86.9,6.04,103.3,potato
100.1,65.5,63.5,20.2,77.8,6.21,121.2,potato
57.1,47.0,57.4,15.5,77.3,6.14,145.1,potato
118.6,45.3,53.5,18.8,72.3,6.26,94.8,potato
78.0,56.2,61.3,16.6,80.4,6.01,115.1,potato
107.3,49.7,59.5,17.5,73.8,6.14,95.1,potato
92.3,34.5,50.1,18.1,73.5,6.13,108.8,potato
102.2,58.7,48.5,15.4,68.7,6.05,103.0,potato
83.5,37.0,50.4,19.5,78.6,6.03,101.7,potato
81.1,49.7,46.5,20.7,64.3,6.09,116.0,potato
97.8,76.9,58.5,16.0,74.4,5.67,108.4,potato
82.5,59.2,49.5,18.6,71.2,6.72,103.6,potato
122.5,58.1,59.8,20.1,77.4,5.62,104.4,potato
107.7,49.5,40.9,18.8,85.2,6.57,108.8,potato
109.3,46.3,38.0,16.2,84.4,6.12,105.1,potato
90.5,69.0,71.3,25.7,74.0,6.29,79.7,potato
117.2,38.3,57.2,15.7,71.5,5.95,97.8,potato
86.9,44.5,63.3,15.7,76.3,6.57,99.7,potato
84.2,47.7,66.8,19.6,71.8,6.35,88.0,potato
105.2,54.1,51.9,16.5,69.7,6.36,134.6,potato
85.4,54.6,34.1,17.2,74.8,5.93,91.3,potato
85.0,52.9,53.1,12.3,62.3,6.02,119.2,potato
53.8,45.0,49.7,23.2,72.7,6.31,112.8,potato
63.0,57.7,57.2,20.5,98.6,5.57,144.5,potato
90.7,52.9,54.5,17.7,71.6,6.3,79.7,potato
106.3,45.8,43.7,17.6,82.5,6.04,117.2,potato
84.0,57.6,61.9,24.5,73.9,6.4,112.0,potato
114.4,42.8,62.5,18.4,74.6,6.23,115.0,potato
93.3,52.1,70.8,22.0,80.2,6.06,92.2,potato
109.3,58.8,69.7,17.2,73.6,5.71,102.2,potato
109.9,45.3,61.4,18.4,76.9,5.86,111.7,potato
50.1,48.1,38.7,22.6,79.7,6.34,140.4,potato
80.8,67.5,64.3,18.3,81.8,5.87,93.5,potato
85.9,44.7,44.4,22.7,73.4,6.31,98.6,potato
67.7,52.7,35.9,18.8,66.8,6.8,128.2,potato
96.6,62.6,46.5,20.6,76.2,6.28,135.4,potato
106.0,52.9,38.5,16.1,74.3,6.23,87.4,potato
131.2,65.2,61.0,19.2,73.7,5.91,111.5,potato
98.9,37.6,58.3,18.5,63.6,5.94,101.7,potato
123.3,55.6,41.6,20.5,65.7,6.52,100.6,potato
93.6,63.3,42.1,14.8,71.5,6.51,79.6,potato
52.5,45.5,60.5,22.6,72.2,6.08,133.1,potato
67.0,46.1,56.9,20.3,71.9,6.21,60.2,potato
85.1,54.5,45.2,19.2,77.7,6.1,113.4,potato
80.6,47.9,61.1,19.5,71.5,6.27,124.3,potato
64.3,61.6,51.6,20.3,82.2,5.79,95.8,potato
90.7,42.2,72.3,16.4,71.7,6.26,86.0,potato
89.1,53.2,51.7,18.7,71.8,5.75,116.4,potato
121.3,50.2,57.3,21.1,67.4,6.71,114.0,potato
119.5,42.7,73.2,21.3,78.3,6.27,105.0,potato
113.0,51.4,35.3,15.6,73.9,6.29,108.9,potato
113.3,30.5,56.4,13.5,79.6,6.17,118.4,potato
82.0,62.8,65.4,20.8,74.2,6.37,95.9,potato
107.8,66.5,65.7,16.8,77.2,5.81,121.4,potato
101.8,31.3,43.4,18.2,73.2,5.84,117.8,potato
98.8,48.1,47.4,22.1,84.9,6.05,97.8,potato
102.4,46.4,53.6,21.2,63.5,6.6,111.5,potato
88.8,49.1,54.6,13.8,84.0,6.21,118.9,potato
109.3,39.8,59.7,18.2,80.1,5.56,108.0,potato
86.0,54.3,59.7,16.9,70.7,6.17,92.1,potato
130.2,44.3,16.7,16.9,54.8,6.05,56.4,wheat
117.0,61.3,42.5,16.2,62.3,6.52,64.6,wheat
94.2,30.5,36.9,18.5,59.5,6.53,60.8,wheat
125.9,34.8,46.2,15.0,56.2,6.11,67.5,wheat
132.6,53.2,47.8,19.6,54.5,6.57,63.3,wheat
139.0,36.0,47.1,20.7,69.1,6.54,85.7,wheat
156.1,41.8,27.7,12.4,63.6,5.95,69.4,wheat
122.9,49.9,43.4,18.7,66.4,6.32,64.8,wheat
101.1,56.3,47.2,19.4,65.9,6.23,100.0,wheat
142.4,55.4,54.3,13.0,57.4,6.41,85.8,wheat
96.1,55.6,51.0,20.1,61.4,6.3,62.3,wheat
137.5,55.8,39.7,16.7,49.9,6.27,103.7,wheat
92.0,49.9,48.1,14.2,60.9,7.08,75.2,wheat
166.6,31.3,48.5,17.5,63.9,6.88,64.0,wheat
119.1,29.4,44.8,18.9,63.2,7.12,80.5,wheat
117.7,39.2,34.3,21.6,67.2,6.6,75.7,wheat
98.7,59.7,45.3,23.8,55.6,6.55,78.5,wheat
126.6,45.8,33.0,20.6,63.6,6.33,95.3,wheat
136.1,49.3,40.6,19.7,55.7,6.71,42.7,wheat
130.8,32.4,52.0,17.0,58.9,6.45,70.7,wheat
140.5,23.1,50.2,19.0,54.0,6.27,100.1,wheat
98.0,36.5,49.1,19.0,55.3,6.79,59.6,wheat
134.8,58.6,44.3,19.1,68.8,6.7,57.3,wheat
123.1,68.9,31.9,16.9,62.1,6.68,60.3,wheat
135.2,71.2,41.6,15.3,52.3,6.8,91.6,wheat
123.6,48.0,35.3,14.7,64.2,7.07,51.8,wheat
143.6,53.7,51.2,14.0,53.2,6.64,82.5,wheat
147.3,55.1,38.1,14.9,66.2,6.31,99.4,wheat
109.9,63.9,45.4,17.6,57.4,6.56,81.4,wheat
116.4,42.1,38.7,18.2,49.4,6.88,60.3,wheat
94.2,31.1,25.6,13.9,56.5,7.48,67.1,wheat
118.2,52.0,41.0,17.8,54.0,7.28,102.1,wheat
84.7,37.8,37.8,15.1,62.5,6.41,107.5,wheat
136.4,50.1,48.2,21.3,57.2,6.37,76.2,wheat
130.5,49.4,27.4,15.6,59.6,6.67,104.6,wheat
90.1,53.1,51.9,24.8,58.0,6.9,83.5,wheat
118.5,47.0,43.5,10.4,63.4,6.75,71.7,wheat
151.8,41.3,36.8,24.0,55.8,6.48,72.8,wheat
130.1,50.1,29.7,16.4,57.0,6.67,81.4,wheat
122.5,30.2,48.5,18.8,66.9,6.88,91.5,wheat
123.4,61.5,44.2,17.7,71.4,7.06,83.6,wheat
92.0,35.1,42.3,18.4,56.9,6.76,98.8,wheat
127.5,36.6,39.1,15.6,58.1,6.53,67.8,wheat
92.4,46.7,35.5,9.2,70.3,7.14,69.4,wheat
115.3,36.3,53.6,23.7,60.8,7.11,77.6,wheat
90.9,43.9,41.1,16.6,58.9,6.66,73.8,wheat
115.9,37.4,34.3,14.1,64.9,5.86,92.3,wheat
140.0,45.0,19.2,16.9,59.7,6.3,67.3,wheat
142.5,54.6,32.6,13.2,58.4,6.61,82.4,wheat
105.4,53.1,55.5,20.4,59.8,6.63,69.6,wheat
136.3,41.7,40.4,18.2,57.5,6.15,79.8,wheat
113.9,53.0,35.7,21.7,55.6,7.38,48.8,wheat
122.8,52.8,33.6,19.3,66.4,5.81,82.5,wheat
70.1,38.3,53.0,16.3,54.1,6.62,106.0,wheat
82.0,37.5,52.0,23.6,59.5,6.2,106.4,wheat
143.7,54.8,33.5,17.9,59.2,6.83,96.8,wheat
130.8,37.2,51.0,18.9,63.4,7.29,58.3,wheat
114.4,42.7,27.5,19.0,72.6,5.96,74.5,wheat
126.5,49.2,39.1,14.1,61.2,6.4,42.2,wheat
136.5,57.6,40.4,18.7,65.4,6.79,88.6,wheat
109.6,61.1,42.6,18.6,53.6,6.81,62.5,wheat
103.5,39.8,31.5,24.4,66.7,7.47,56.7,wheat
116.3,35.1,34.4,15.2,66.2,6.54,91.0,wheat
125.9,71.0,28.2,21.8,65.7,6.31,90.1,wheat
121.1,45.7,33.4,15.8,70.2,6.7,86.7,wheat
100.8,40.2,48.7,14.0,57.9,6.71,76.7,wheat
111.8,52.0,45.5,20.2,55.1,6.59,92.9,wheat
131.1,34.3,42.8,12.1,60.2,7.46,60.8,wheat
100.0,55.6,27.7,16.1,63.0,6.45,71.5,wheat
128.4,52.2,42.1,17.0,61.9,6.65,81.9,wheat
106.1,46.2,32.1,17.9,55.9,6.25,78.9,wheat
118.8,55.8,36.6,19.2,62.8,6.88,62.6,wheat
117.7,51.6,40.1,11.7,60.8,7.59,69.6,wheat
101.9,51.7,42.5,21.6,53.7,6.99,83.9,wheat
112.4,51.4,48.2,20.6,54.3,7.03,74.0,wheat
116.3,48.7,38.8,21.6,59.6,6.25,69.1,wheat
118.2,60.3,44.8,15.4,72.4,6.81,94.1,wheat
112.3,53.3,46.7,21.7,65.3,7.05,70.3,wheat
104.7,51.3,47.5,17.3,65.3,7.28,61.3,wheat
99.9,46.6,42.5,16.4,66.8,6.87,75.6,wheat
89.2,34.8,42.2,11.6,65.1,6.64,123.6,wheat
156.5,46.2,39.1,21.0,68.5,6.04,48.2,wheat
103.8,53.8,44.0,21.2,54.0,5.77,87.9,wheat
100.1,27.8,41.2,20.4,59.4,6.52,72.6,wheat
108.3,34.5,34.3,19.6,61.6,6.77,60.1,wheat
111.7,26.2,41.4,22.3,52.6,6.47,79.9,wheat
137.6,43.5,34.5,12.1,60.5,7.52,79.2,wheat
114.6,51.2,39.9,15.6,64.1,6.79,75.3,wheat
97.4,61.0,45.3,16.3,65.0,6.5,63.3,wheat
101.3,30.3,43.8,12.5,53.9,5.87,73.7,wheat
112.3,44.7,31.7,14.5,62.3,6.48,79.7,wheat
99.1,49.8,50.4,19.8,57.9,6.8,71.4,wheat
115.1,44.7,38.7,18.6,55.0,6.29,54.2,wheat
86.2,35.8,41.3,15.3,62.6,6.71,45.5,wheat
126.8,56.1,32.0,19.3,55.7,6.74,56.0,wheat
82.7,44.2,39.0,16.8,54.1,6.54,79.0,wheat
114.2,49.8,34.6,21.5,54.1,6.9,92.7,wheat
123.7,46.0,35.8,21.1,52.9,6.31,69.0,wheat
137.3,51.8,32.3,17.1,56.9,6.42,89.7,wheat
90.3,64.1,46.6,21.3,57.7,6.64,53.5,wheat
105.6,52.9,50.4,14.7,58.2,6.64,54.1,wheat
125.6,40.8,38.4,16.6,56.1,6.7,71.8,wheat
108.3,40.7,42.6,23.0,60.7,7.1,54.1,wheat
117.8,37.0,28.2,15.8,66.0,7.08,78.6,wheat
87.4,46.0,42.4,18.5,50.8,6.34,74.0,wheat
124.7,26.0,38.7,18.4,64.2,6.98,83.7,wheat
100.6,28.9,36.9,21.0,67.0,6.98,81.4,wheat
121.8,42.4,39.0,23.0,55.3,7.35,70.2,wheat
138.9,33.9,44.7,15.8,52.9,6.79,90.1,wheat
99.8,33.0,39.3,17.7,62.7,7.08,74.1,wheat
148.4,50.2,37.2,13.2,58.7,6.57,89.4,wheat
123.3,36.2,41.4,20.0,67.6,7.06,86.4,wheat
116.1,51.9,50.0,14.0,58.3,6.39,80.7,wheat
137.1,42.0,20.9,16.8,64.6,6.92,81.4,wheat
110.0,35.2,44.1,15.5,70.9,6.93,66.3,wheat
104.0,47.1,38.1,21.4,60.9,6.41,103.4,wheat
115.9,55.7,35.1,19.1,61.6,5.94,105.2,wheat
138.2,44.0,31.2,19.0,60.4,6.84,77.9,wheat
124.1,62.5,44.5,14.9,66.8,7.36,122.3,wheat
94.8,50.4,23.3,19.7,57.3,7.47,63.4,wheat
84.6,43.3,24.2,20.3,49.7,6.71,43.8,wheat
109.2,64.4,42.9,15.4,59.8,6.71,82.1,wheat
90.4,53.9,18.4,16.1,57.6,6.95,75.3,wheat
89.7,38.2,41.6,17.8,57.1,6.51,85.4,wheat
105.7,47.1,57.4,13.7,50.7,7.01,64.8,wheat
109.3,40.2,37.9,22.8,64.0,7.04,53.8,wheat
94.3,19.6,33.5,20.9,62.6,6.61,74.7,wheat
102.6,50.0,46.1,13.2,61.5,7.07,68.8,wheat
127.6,76.1,39.2,19.2,56.3,6.77,81.9,wheat
118.5,37.8,41.7,22.4,62.2,7.08,71.4,wheat
128.5,50.8,32.4,19.0,55.0,6.45,77.8,wheat
120.4,36.1,48.4,19.7,56.5,6.08,72.8,wheat
107.0,49.1,37.1,12.0,58.1,6.58,84.5,wheat
102.4,64.8,24.7,21.9,58.9,7.04,76.2,wheat
135.5,44.1,31.2,22.3,59.4,6.79,93.5,wheat
96.4,54.0,35.3,17.6,60.4,6.1,63.3,wheat
139.3,56.9,39.5,18.7,58.5,7.24,72.0,wheat
119.2,59.5,33.8,22.7,52.3,7.35,69.4,wheat
110.6,29.1,36.4,14.9,57.0,6.65,89.4,wheat
118.7,51.1,31.2,15.4,69.0,6.41,99.8,wheat
110.6,48.0,48.6,21.8,59.4,6.54,74.2,wheat
121.1,56.9,40.0,19.9,68.2,6.85,79.7,wheat
87.7,21.7,43.1,17.7,57.4,6.8,74.1,wheat
135.3,48.9,34.0,21.0,58.9,6.91,67.8,wheat
103.3,48.8,40.1,19.4,58.7,5.97,68.5,wheat
129.3,45.0,38.0,21.0,56.4,6.08,72.6,wheat
106.3,38.3,38.6,19.5,60.0,6.82,102.2,wheat
108.8,50.8,35.9,15.5,57.1,6.51,80.4,wheat
157.3,40.8,36.7,17.8,62.0,6.81,94.3,wheat
71.3,24.1,36.0,21.3,52.2,5.5,83.6,wheat
42.4,41.1,40.1,14.1,65.6,6.35,70.9,pea
11.5,43.4,38.7,16.2,62.3,6.92,42.7,pea
40.5,57.6,68.6,15.6,66.6,5.88,36.3,pea
48.4,51.9,61.8,12.9,67.6,7.35,70.0,pea
42.8,52.1,34.3,21.1,61.9,6.8,46.2,pea
28.2,66.4,46.5,21.4,64.6,5.86,75.7,pea
34.1,59.0,50.3,12.4,65.8,7.48,70.9,pea
39.4,62.8,52.1,17.6,59.5,6.69,77.4,pea
31.6,66.2,49.1,14.3,70.0,6.49,74.1,pea
37.1,51.4,54.9,17.9,55.0,6.15,76.2,pea
38.7,46.8,36.4,13.8,54.9,6.56,57.8,pea
30.3,51.3,53.6,23.3,57.4,7.06,76.7,pea
32.2,54.0,45.4,17.6,72.5,6.84,71.1,pea
35.7,37.2,47.9,20.6,57.4,6.18,66.5,pea
30.2,44.1,45.8,12.9,60.1,6.88,49.3,pea
24.0,45.7,57.3,16.4,62.7,6.62,44.1,pea
44.9,55.8,45.9,20.0,59.4,7.05,66.9,pea
36.6,51.8,48.9,20.7,59.6,6.29,77.4,pea
34.0,61.0,67.0,15.8,68.4,6.14,74.1,pea
42.0,56.7,43.5,12.0,67.5,5.77,61.2,pea
49.4,53.9,69.5,20.1,61.7,6.61,64.4,pea
24.2,42.6,44.4,10.9,65.2,6.5,44.9,pea
44.0,59.2,52.3,16.0,68.0,6.87,68.7,pea
31.8,54.8,62.0,15.2,75.5,6.39,65.4,pea
33.3,54.2,32.6,15.4,59.5,6.65,76.9,pea
46.5,28.3,70.4,17.9,61.1,6.66,67.1,pea
33.3,54.0,43.9,15.8,61.6,6.03,66.8,pea
45.9,57.1,58.2,18.0,62.3,6.94,48.7,pea
31.0,42.4,60.8,19.8,67.4,7.03,54.4,pea
43.5,50.7,58.5,16.7,63.1,6.82,75.5,pea
33.3,51.4,39.4,9.5,66.0,6.84,68.1,pea
20.5,48.5,27.8,21.1,59.6,7.1,76.4,pea
31.0,40.7,53.5,14.5,65.5,6.41,43.6,pea
17.7,54.3,44.4,15.3,68.5,7.07,61.7,pea
36.6,57.0,36.4,17.7,67.8,6.87,41.8,pea
32.4,43.2,51.0,18.4,72.5,6.4,59.0,pea
51.5,55.0,62.7,17.9,59.2,6.07,46.4,pea
46.6,63.9,68.5,19.5,70.8,6.37,51.1,pea
48.5,56.2,51.1,18.2,66.6,7.11,80.5,pea
45.4,60.5,55.1,15.6,68.8,6.04,77.6,pea
28.1,54.9,41.5,18.7,64.8,5.96,70.0,pea
34.2,60.8,50.0,18.2,60.2,6.36,59.5,pea
48.6,68.8,41.9,20.2,54.2,6.12,53.5,pea
26.5,36.2,54.1,16.4,66.9,6.88,68.2,pea
46.6,51.3,38.1,20.2,62.1,6.23,62.9,pea
30.9,47.8,53.4,18.0,60.5,6.4,77.9,pea
45.0,72.8,61.8,20.4,58.1,6.91,64.4,pea
34.5,53.7,59.5,18.5,60.6,6.9,57.3,pea
42.2,49.0,47.8,19.3,59.8,7.38,43.1,pea
34.0,55.7,55.8,16.7,64.7,6.76,62.2,pea
53.9,60.4,58.7,14.1,64.6,6.48,52.9,pea
43.6,46.6,56.6,13.8,73.6,6.24,67.6,pea
47.9,46.3,58.5,13.3,72.3,6.61,57.8,pea
37.0,60.1,44.2,14.8,63.9,6.13,86.8,pea
34.3,60.3,52.1,14.0,65.0,6.91,62.7,pea
51.9,62.2,59.2,15.6,59.6,6.35,67.4,pea
45.5,30.3,49.9,17.5,63.6,7.12,70.1,pea
53.1,49.8,59.4,21.9,71.6,6.16,62.0,pea
36.5,56.9,56.9,14.5,65.3,5.79,82.3,pea
34.9,52.6,46.9,20.4,50.8,6.59,63.7,pea
35.5,69.3,41.1,19.3,66.8,7.1,57.0,pea
32.7,63.0,54.3,12.4,62.3,6.75,75.1,pea
33.2,22.9,55.2,13.3,54.9,5.47,74.8,pea
41.3,49.7,63.9,18.9,73.1,6.04,64.6,pea
23.8,49.7,47.5,18.9,65.2,6.85,73.4,pea
61.5,48.8,40.6,17.7,61.0,7.19,61.6,pea
34.3,47.3,57.2,16.5,61.8,7.27,54.7,pea
40.4,58.5,33.7,18.4,59.7,6.93,53.4,pea
46.9,63.1,58.6,17.8,63.8,6.37,82.7,pea
33.0,41.6,56.7,14.6,60.2,6.02,59.2,pea
39.2,54.4,59.5,18.6,64.0,6.52,71.1,pea
52.7,53.3,45.3,14.0,57.8,6.87,71.9,pea
45.8,50.7,64.1,15.5,69.8,6.58,57.7,pea
45.9,56.1,53.6,17.2,64.8,7.56,79.2,pea
47.2,53.1,60.1,18.6,65.1,6.48,64.0,pea
10.0,54.1,45.1,21.8,65.1,6.12,64.4,pea
29.5,56.7,52.9,19.9,61.0,6.61,48.6,pea
47.0,57.2,55.0,17.0,67.1,7.24,61.6,pea
41.4,41.1,41.3,17.3,70.5,6.5,62.2,pea
35.9,46.7,52.9,12.5,71.4,6.33,73.7,pea
27.3,58.7,56.7,18.2,60.0,6.7,50.8,pea
37.5,62.3,58.0,17.0,60.1,6.86,65.2,pea
16.8,59.8,49.8,20.6,59.5,5.33,68.3,pea
42.9,35.1,40.2,25.3,63.5,6.89,57.2,pea
19.1,50.3,47.3,15.8,64.4,6.71,63.2,pea
27.4,56.9,30.5,10.8,68.7,6.8,64.3,pea
26.0,44.9,47.4,12.2,61.3,6.86,82.1,pea
35.8,59.6,30.9,19.0,61.0,6.72,62.0,pea
53.2,43.3,56.3,16.2,64.2,6.53,54.9,pea
39.9,51.4,52.4,17.3,69.0,6.97,52.4,pea
48.7,40.1,55.9,18.9,55.4,6.64,59.4,pea
32.4,65.5,43.5,14.6,65.4,6.87,63.3,pea
51.7,57.3,28.2,15.4,62.2,6.79,33.5,pea
65.5,57.3,51.5,20.5,76.7,6.95,76.4,pea
41.3,50.6,45.2,14.5,61.6,6.06,64.1,pea
23.2,53.9,49.6,17.4,62.4,7.83,81.3,pea
27.6,54.3,43.9,14.0,58.3,6.77,56.8,pea
49.7,61.9,63.7,14.4,67.4,6.85,59.3,pea
32.3,68.1,52.3,18.9,60.9,6.11,58.2,pea
38.8,41.4,49.9,11.9,59.4,6.87,72.2,pea
36.1,41.8,39.7,15.9,68.2,6.97,59.0,pea
28.5,54.7,41.8,15.4,71.6,6.93,66.9,pea
27.3,54.1,60.6,15.9,71.8,7.12,85.0,pea
43.1,57.9,64.1,18.3,62.5,6.42,67.9,pea
27.1,50.6,61.0,10.4,72.7,7.05,59.5,pea
45.4,52.0,62.3,19.9,58.0,6.83,62.5,pea
40.8,44.7,67.5,20.1,61.3,6.07,60.4,pea
44.3,54.4,62.5,19.4,69.8,6.73,48.3,pea
38.0,62.6,49.5,18.5,63.4,6.19,63.5,pea
43.1,45.4,47.6,14.2,70.6,6.48,82.4,pea
55.3,51.2,39.9,10.7,57.6,6.05,81.5,pea
41.2,55.9,27.8,13.4,69.4,6.71,63.2,pea
45.6,68.4,47.8,17.2,66.0,7.56,39.8,pea
46.8,50.9,55.7,15.0,64.8,6.88,102.4,pea
48.1,43.5,45.8,15.6,56.0,6.47,73.8,pea
27.3,62.5,54.9,14.8,64.3,7.24,73.8,pea
40.1,49.6,50.8,15.5,54.5,7.42,66.9,pea
44.0,51.4,42.6,16.4,57.0,7.51,50.2,pea
29.7,47.6,62.9,17.0,58.8,7.1,73.8,pea
45.4,59.2,73.9,23.6,61.6,7.25,69.6,pea
45.0,35.1,48.3,14.6,69.1,7.03,40.1,pea
39.8,63.2,48.1,19.2,66.8,6.74,61.7,pea
27.8,40.8,57.1,17.1,64.3,6.43,61.3,pea
50.5,48.6,36.6,19.2,64.0,6.61,84.3,pea
39.8,54.9,38.2,16.3,68.0,5.98,67.4,pea
41.0,52.4,60.4,18.0,72.4,6.2,66.6,pea
40.8,41.3,59.6,24.0,64.9,6.8,66.0,pea
32.9,33.8,42.9,12.8,73.5,6.55,60.8,pea
48.9,40.8,42.3,17.2,70.1,6.8,68.0,pea
40.8,56.0,52.0,13.9,65.2,6.17,66.0,pea
35.2,77.4,49.6,12.8,64.3,6.81,85.1,pea
34.1,36.2,58.2,12.9,62.8,6.5,64.2,pea
46.9,45.2,47.3,17.0,65.7,6.64,70.2,pea
48.4,55.9,54.5,12.3,65.3,6.79,73.7,pea
33.1,45.4,44.3,18.6,70.2,6.44,75.9,pea
41.2,50.8,47.9,19.2,66.6,7.51,54.8,pea
45.2,46.7,41.3,17.0,65.7,7.77,62.8,pea
28.7,54.7,29.3,16.7,65.1,6.92,76.7,pea
35.0,50.5,42.3,13.6,66.5,6.09,60.0,pea
30.0,57.5,68.0,13.1,55.7,6.55,65.2,pea
42.2,47.5,48.0,18.1,70.2,5.82,60.6,pea
42.1,42.8,67.3,15.1,64.8,6.82,57.9,pea
21.5,47.7,60.3,16.0,60.8,6.97,61.0,pea
34.9,53.5,57.7,24.1,69.1,7.06,58.9,pea
29.7,52.6,51.1,13.8,64.1,6.76,69.3,pea
45.0,54.9,44.9,15.5,59.0,7.31,65.2,pea
37.8,42.7,79.4,13.8,62.9,6.77,72.2,pea
49.6,70.1,55.1,13.8,63.7,6.72,89.8,pea
26.0,64.0,51.8,19.5,64.5,6.26,74.0,pea
46.5,61.7,49.9,15.2,57.2,6.93,70.1,pea
70.5,42.6,40.3,19.1,60.1,6.05,78.8,maize
73.9,31.7,65.2,30.0,60.3,6.61,91.3,maize
102.9,39.8,55.9,22.8,57.0,6.79,104.4,maize
123.8,36.0,52.0,23.4,69.7,5.91,66.1,maize
73.4,48.8,38.6,27.6,71.2,6.74,109.3,maize
91.2,35.8,58.6,22.6,70.5,7.13,91.9,maize
62.6,38.8,58.2,24.3,65.5,6.8,95.4,maize
89.2,45.9,41.9,28.4,68.3,6.4,101.2,maize
83.1,39.5,37.4,21.1,63.4,6.99,72.9,maize
87.8,41.4,42.4,19.0,63.7,6.42,93.1,maize
88.3,36.0,55.8,25.8,66.2,6.5,77.2,maize
88.3,52.8,27.5,22.8,63.5,6.6,102.9,maize
73.4,43.0,39.9,21.8,62.9,6.81,69.2,maize
91.4,31.0,39.4,23.7,75.0,6.39,52.0,maize
55.0,48.3,51.1,26.5,66.0,6.96,76.9,maize
98.4,31.7,36.0,17.8,63.4,6.48,86.7,maize
85.9,38.7,43.1,19.0,73.2,6.38,77.7,maize
108.8,35.6,33.7,20.6,64.6,6.67,96.1,maize
123.6,25.5,51.1,22.8,61.5,6.25,71.4,maize
110.3,56.4,45.2,30.4,55.9,5.97,52.3,maize
74.5,49.6,46.0,25.6,56.5,6.82,88.6,maize
96.0,29.1,48.1,20.2,62.6,6.71,86.4,maize
72.2,48.1,29.7,29.6,63.8,6.95,77.1,maize
77.1,40.4,53.8,22.2,68.9,6.35,55.4,maize
76.4,36.2,45.3,20.2,70.6,6.46,82.3,maize
94.8,57.6,44.8,21.9,54.4,6.23,75.7,maize
86.6,44.5,51.9,22.5,64.7,6.97,90.1,maize
84.1,42.0,38.7,21.6,61.8,6.8,81.7,maize
64.8,65.7,48.2,19.4,62.3,6.54,110.6,maize
68.4,57.8,59.0,22.5,63.3,6.09,81.9,maize
84.5,54.6,55.9,22.0,53.2,6.49,89.4,maize
88.7,44.7,46.2,31.1,67.3,6.35,77.5,maize
82.5,64.4,43.2,24.9,62.1,6.94,114.4,maize
91.8,48.8,45.4,15.5,69.5,6.55,91.4,maize
74.3,44.2,40.9,29.1,62.7,7.33,91.5,maize
65.9,46.7,38.5,16.2,74.6,6.78,93.0,maize
87.5,34.2,40.2,28.4,58.7,5.49,81.6,maize
82.9,49.4,52.3,27.6,66.6,6.98,62.2,maize
92.6,54.3,32.6,19.0,60.5,6.24,96.3,maize
75.8,39.4,38.9,29.5,65.1,6.43,83.3,maize
104.4,40.5,58.2,25.8,64.0,7.5,69.2,maize
79.7,35.7,54.5,31.8,75.0,6.99,82.0,maize
79.5,31.3,65.4,26.9,62.0,7.03,70.4,maize
91.1,46.3,51.4,24.7,56.3,6.53,100.7,maize
84.6,55.8,34.5,24.9,61.3,6.8,85.5,maize
95.4,58.9,51.9,26.1,59.0,6.5,77.0,maize
79.8,44.3,35.2,17.2,61.0,6.58,64.8,maize
85.2,67.0,55.2,31.6,67.3,6.97,74.1,maize
75.3,20.6,56.9,31.2,61.7,6.4,73.7,maize
90.7,59.2,27.6,26.6,63.3,6.55,91.9,maize
82.2,47.0,42.9,28.9,67.5,6.59,65.9,maize
79.3,57.0,45.4,27.6,75.6,6.92,86.4,maize
77.3,22.5,43.3,23.7,67.3,6.44,80.2,maize
58.3,38.6,49.8,31.9,64.4,6.63,99.3,maize
72.8,51.7,37.6,28.5,65.9,6.62,73.3,maize
95.6,68.8,34.9,23.6,66.4,6.81,76.6,maize
42.5,61.6,52.6,18.0,61.4,7.13,106.7,maize
99.1,46.2,45.8,24.5,71.8,6.15,72.9,maize
100.2,47.6,58.8,22.3,64.7,6.13,85.1,maize
62.8,43.1,30.6,27.8,69.3,5.81,105.0,maize
122.5,48.5,38.6,36.3,57.1,6.51,87.7,maize
105.2,51.6,40.0,21.2,62.9,6.1,85.7,maize
76.5,33.1,57.6,23.0,57.4,6.43,86.0,maize
58.8,51.3,34.5,31.8,68.1,6.34,73.8,maize
83.4,54.1,44.7,24.1,65.4,6.26,79.9,maize
53.7,57.7,48.0,21.9,76.4,6.53,69.5,maize
97.9,52.0,48.9,23.3,67.7,6.4,93.3,maize
56.4,43.7,62.2,21.9,61.4,6.32,66.8,maize
51.9,45.7,46.4,24.8,64.1,6.52,100.3,maize
82.1,42.3,42.2,27.3,73.5,6.25,86.5,maize
90.1,38.1,45.2,19.1,54.4,6.65,79.2,maize
88.0,47.8,35.2,24.8,57.6,7.06,64.7,maize
82.1,37.6,50.7,23.7,61.9,6.84,85.4,maize
92.7,38.2,31.0,25.4,63.1,6.75,83.8,maize
88.1,31.8,63.9,24.3,69.2,6.17,89.6,maize
65.5,52.5,41.4,25.1,69.2,6.01,74.7,maize
91.9,69.0,43.6,27.4,64.4,7.28,58.8,maize
86.4,31.7,19.9,26.2,65.8,6.39,83.4,maize
131.5,45.4,50.1,22.4,66.8,6.4,78.8,maize
112.3,59.8,46.4,15.8,62.8,7.58,81.5,maize
101.5,62.4,47.2,21.6,50.4,6.77,72.8,maize
87.6,35.5,42.3,25.1,66.6,6.05,103.0,maize
76.0,31.3,43.9,25.1,66.0,7.04,81.5,maize
83.2,37.0,53.2,25.7,62.5,5.74,106.7,maize
66.6,42.1,48.6,20.2,56.0,5.65,95.8,maize
76.8,77.3,35.1,21.3,61.6,6.6,77.9,maize
94.2,38.2,31.2,17.8,51.7,6.29,80.5,maize
75.5,60.4,57.3,23.7,54.2,6.27,76.0,maize
75.1,41.0,38.5,23.5,61.2,6.58,90.4,maize
71.3,60.7,35.2,18.5,67.3,6.17,89.8,maize
48.9,61.9,51.7,19.0,56.1,7.17,73.9,maize
72.5,25.3,41.5,24.1,69.3,5.94,62.2,maize
91.8,58.1,29.3,29.3,65.2,6.94,83.9,maize
47.2,46.5,55.6,21.4,62.7,6.43,41.5,maize
110.1,39.0,50.1,24.7,72.5,6.66,81.5,maize
71.6,56.0,26.3,27.6,58.4,7.0,87.4,maize
94.7,48.8,27.5,21.6,69.0,6.57,102.7,maize
91.0,38.3,37.0,25.4,51.1,7.17,91.6,maize
103.4,32.2,57.4,33.9,57.1,6.81,85.0,maize
61.8,52.9,53.3,22.6,72.0,5.83,62.6,maize
87.0,48.3,37.8,28.2,68.2,6.84,83.2,maize
94.0,43.5,65.5,21.7,77.6,6.51,64.4,maize
105.5,49.3,53.5,29.9,67.0,6.26,99.6,maize
85.0,54.9,23.5,26.8,61.2,7.16,94.3,maize
88.6,52.9,35.0,31.5,76.9,6.66,108.9,maize
76.5,40.0,45.4,26.7,62.6,6.72,89.6,maize
70.0,53.2,53.6,25.7,71.9,6.01,92.0,maize
67.4,36.9,38.7,21.2,61.7,6.41,97.6,maize
80.2,32.1,56.4,21.7,64.6,6.68,88.0,maize
101.4,52.8,36.4,33.7,66.2,6.44,99.5,maize
88.7,52.0,69.9,23.9,63.1,6.55,101.1,maize
62.4,28.3,39.1,18.5,62.5,6.7,71.6,maize
63.6,48.7,53.6,18.2,69.9,6.83,99.3,maize
103.3,70.0,41.4,25.4,62.5,6.5,108.0,maize
64.8,39.4,58.8,29.1,62.8,6.84,90.1,maize
107.5,48.7,55.3,35.6,68.6,6.52,95.8,maize
79.5,71.9,46.8,23.9,60.0,6.94,98.0,maize
77.5,53.8,29.9,25.7,67.7,7.18,73.4,maize
65.8,39.0,31.6,30.3,74.3,6.63,103.3,maize
87.0,47.0,41.7,23.8,55.7,6.61,84.4,maize
96.2,48.9,43.4,21.5,65.4,6.8,67.8,maize
86.3,50.3,37.8,22.6,66.4,6.05,90.2,maize
71.6,58.6,68.4,21.6,68.2,6.21,100.6,maize
66.0,52.8,36.3,24.2,58.8,6.83,72.4,maize
93.3,44.6,43.9,25.6,60.4,6.58,108.0,maize
73.3,59.7,60.0,21.7,56.3,6.62,76.8,maize
113.0,48.3,37.0,20.4,71.5,6.27,85.7,maize
99.3,43.2,44.5,24.9,69.1,6.74,81.7,maize
86.0,44.3,30.2,26.0,76.4,6.15,73.4,maize
71.9,55.2,49.5,24.4,59.5,6.54,61.5,maize
87.2,56.7,32.5,18.9,74.5,6.26,102.0,maize
82.7,46.4,49.4,21.5,65.8,6.35,65.2,maize
90.1,45.4,43.4,20.2,74.5,6.85,99.5,maize
80.4,30.7,64.5,24.8,60.5,6.67,102.5,maize
84.7,60.8,55.8,20.7,61.0,6.88,44.3,maize
82.8,33.7,40.2,23.8,62.9,6.28,68.5,maize
119.4,66.7,33.4,31.3,62.6,6.55,84.1,maize
75.1,57.8,46.3,23.1,57.2,6.14,60.4,maize
85.2,36.0,42.3,30.5,72.2,6.49,83.7,maize
113.2,53.2,41.7,19.3,67.4,6.83,75.5,maize
89.4,44.4,43.2,15.0,63.7,6.89,75.5,maize
85.8,40.4,48.6,24.1,59.4,7.03,98.9,maize
75.9,53.0,50.4,27.6,54.8,6.9,76.5,maize
79.6,74.4,48.0,23.5,51.8,7.06,64.8,maize
69.9,44.7,59.2,28.1,64.1,6.62,76.0,maize
87.1,48.7,54.7,28.9,68.0,6.36,96.1,maize
83.6,37.2,41.0,25.3,70.5,6.43,66.9,maize
85.9,49.1,46.9,28.7,71.1,6.26,75.8,maize
69.4,55.0,59.5,23.7,63.6,7.09,92.6,maize
91.5,36.1,51.8,21.3,58.2,6.36,76.2,maize
96.7,33.6,54.6,30.4,72.3,6.79,175.7,rice
112.9,47.3,45.3,26.4,88.1,5.9,218.2,rice
116.5,55.2,68.2,25.4,86.8,6.36,237.0,rice
99.9,44.1,58.1,25.5,74.9,6.19,218.6,rice
120.9,49.1,58.2,22.9,79.8,6.28,196.6,rice
101.3,54.9,40.6,27.4,81.8,6.03,196.6,rice
97.8,46.3,45.3,27.2,79.8,6.91,164.9,rice
89.2,75.8,34.6,22.9,85.7,5.57,192.9,rice
132.2,32.6,25.2,22.5,86.5,6.85,184.6,rice
110.2,61.9,62.9,26.3,70.5,6.07,187.2,rice
96.1,46.1,56.2,30.8,81.1,6.84,210.7,rice
101.0,57.1,45.7,33.2,74.8,6.19,196.2,rice
106.6,60.7,44.8,22.7,86.2,6.7,141.7,rice
99.9,32.1,38.4,24.3,86.0,6.45,161.4,rice
113.2,33.7,48.3,24.6,80.2,6.6,215.6,rice
120.1,47.2,48.1,25.7,82.9,6.58,197.1,rice
72.9,51.3,48.6,25.0,75.6,6.99,214.7,rice
96.6,36.6,36.8,30.9,82.7,6.18,215.3,rice
87.8,63.0,58.5,25.6,78.9,5.35,155.6,rice
79.9,49.4,41.7,23.0,80.6,6.6,215.8,rice
71.5,46.7,31.2,29.7,85.9,6.04,177.0,rice
93.1,25.5,48.4,26.2,86.9,5.96,181.4,rice
77.4,38.0,33.2,30.0,78.5,6.45,188.6,rice
81.0,46.3,51.0,23.4,86.0,6.06,185.5,rice
108.0,41.4,45.4,26.1,82.6,5.45,145.1,rice
109.2,58.4,35.9,26.3,83.5,6.68,139.2,rice
86.7,44.7,52.0,34.5,80.9,5.84,212.1,rice
119.8,49.1,35.9,29.9,85.3,5.99,211.4,rice
115.0,59.8,44.3,25.9,88.1,5.92,213.2,rice
79.4,58.7,42.4,30.8,84.5,5.91,242.7,rice
123.3,56.8,37.4,26.1,82.7,6.12,250.8,rice
102.2,21.0,48.4,26.0,81.6,6.25,224.2,rice
116.8,50.8,41.6,26.9,82.1,6.08,217.4,rice
106.9,63.4,57.6,24.9,86.1,6.02,220.9,rice
92.3,37.8,47.8,19.0,73.2,6.33,202.5,rice
94.5,32.2,36.8,28.2,84.9,6.39,234.7,rice
106.0,40.5,42.2,22.8,81.5,6.84,220.6,rice
121.0,45.0,58.5,26.4,89.4,6.39,221.2,rice
122.1,46.1,47.2,30.9,81.3,5.87,264.3,rice
93.0,49.6,56.6,25.2,77.0,6.5,146.2,rice
95.7,50.5,42.3,22.4,90.0,6.44,242.9,rice
96.1,39.2,47.7,26.4,76.1,6.99,181.3,rice
72.4,61.3,40.0,25.2,73.2,7.1,161.3,rice
100.9,57.1,49.2,26.8,73.5,6.08,205.6,rice
88.2,50.0,51.8,29.9,75.9,7.28,223.0,rice
100.0,58.9,68.7,22.7,80.9,5.45,205.8,rice
105.5,47.6,38.5,20.9,83.9,6.98,182.3,rice
106.6,32.3,49.6,25.8,78.2,6.1,188.2,rice
105.7,34.9,41.0,26.9,76.5,7.12,174.4,rice
90.0,38.2,63.0,28.7,77.3,6.84,206.0,rice
103.9,44.6,37.5,28.0,79.3,7.13,161.9,rice
123.0,46.9,48.0,29.5,78.8,6.75,118.8,rice
89.2,38.8,32.5,26.4,83.9,6.68,207.2,rice
90.0,51.7,46.2,29.8,85.9,6.41,173.1,rice
90.2,42.5,41.8,27.8,85.6,6.38,200.5,rice
102.1,42.8,35.7,21.7,78.5,6.59,178.9,rice
96.4,52.7,50.2,23.8,87.0,6.85,166.1,rice
87.6,59.9,43.5,20.3,75.0,6.3,165.1,rice
93.8,48.3,59.6,26.1,87.4,6.97,243.0,rice
104.3,28.4,49.6,30.1,81.6,7.1,225.8,rice
108.5,58.9,48.3,19.5,79.5,6.88,175.8,rice
96.6,37.6,62.8,32.0,77.6,6.46,179.6,rice
109.2,53.1,53.1,28.0,96.7,5.99,148.7,rice
94.1,32.3,30.1,24.0,77.4,6.02,215.5,rice
92.4,46.2,53.9,24.7,80.7,6.55,141.8,rice
64.2,51.5,49.9,33.2,82.8,6.73,194.1,rice
104.5,64.7,23.8,28.2,92.7,6.51,249.5,rice
90.6,47.7,45.3,20.3,76.2,5.96,224.7,rice
113.1,51.2,53.2,26.5,88.0,6.4,201.7,rice
96.0,54.8,40.8,29.9,76.3,5.96,220.6,rice
98.7,43.5,53.9,25.2,81.0,6.96,246.2,rice
123.6,45.2,57.3,24.2,77.5,5.46,250.2,rice
87.0,46.7,35.9,29.1,80.1,5.88,213.2,rice
78.5,39.6,23.9,22.7,82.9,5.61,155.6,rice
100.0,42.6,64.9,32.5,77.7,6.62,222.5,rice
91.0,33.0,44.9,26.5,79.8,6.58,177.5,rice
82.7,49.1,48.9,23.5,86.6,5.69,182.7,rice
96.1,41.6,39.3,32.6,77.7,7.38,213.1,rice
101.4,52.8,70.3,24.0,76.4,6.1,201.0,rice
74.1,48.2,61.9,27.5,80.5,6.15,227.0,rice
87.6,66.5,64.3,27.8,81.9,6.81,232.8,rice
87.9,42.7,31.8,28.2,85.3,5.86,186.3,rice
79.8,39.0,50.5,24.8,80.5,5.75,205.6,rice
99.3,40.7,43.1,27.5,77.9,5.81,254.2,rice
90.5,47.0,55.1,37.6,75.8,6.58,178.8,rice
91.9,40.8,33.7,26.9,74.6,6.78,201.7,rice
106.3,43.3,41.3,27.9,76.2,6.26,174.2,rice
86.6,26.9,58.4,24.9,87.8,6.83,161.4,rice
83.7,73.6,62.5,26.9,83.3,6.15,213.0,rice
89.2,27.7,31.8,27.1,76.3,6.37,167.8,rice
88.3,56.5,47.5,27.0,86.4,6.59,243.4,rice
93.1,43.7,32.0,25.7,86.8,6.92,228.8,rice
73.1,58.8,26.6,29.7,80.2,6.68,160.0,rice
117.6,33.4,38.3,24.0,73.2,6.44,254.2,rice
140.0,49.0,56.2,27.7,84.5,6.26,205.9,rice
108.1,42.2,44.2,26.8,86.1,5.97,198.5,rice
128.7,59.6,58.5,27.1,83.6,6.8,246.8,rice
70.7,34.8,58.1,26.2,78.6,5.9,183.3,rice
79.0,68.9,44.8,26.8,84.9,6.78,228.4,rice
116.1,41.7,42.0,29.3,79.4,6.4,212.0,rice
111.8,30.2,52.1,26.3,85.5,6.71,248.2,rice
120.3,61.5,59.4,27.9,82.2,6.75,222.0,rice
95.4,52.0,44.6,24.4,88.5,6.42,261.5,rice
75.6,42.4,45.3,30.4,84.0,6.52,166.2,rice
82.6,51.2,31.4,25.4,84.5,6.01,248.2,rice
118.4,32.3,35.7,20.1,78.1,6.71,187.6,rice
106.9,32.8,53.0,25.3,82.1,6.36,161.9,rice
82.7,57.7,49.0,30.2,83.6,6.46,148.2,rice
95.9,47.7,64.5,29.1,89.7,6.64,178.7,rice
101.8,50.4,35.6,25.8,81.0,7.04,137.6,rice
118.1,38.6,31.3,30.5,85.7,6.9,224.0,rice
130.9,53.6,43.4,28.0,88.2,6.09,180.4,rice
95.4,27.0,46.4,21.3,82.3,6.75,185.7,rice
125.2,33.4,56.9,29.0,73.4,7.48,198.1,rice
86.8,33.9,42.8,26.6,82.5,6.28,219.0,rice
94.2,28.7,43.5,19.9,83.8,6.01,204.9,rice
119.7,38.5,55.6,25.7,90.8,6.25,174.8,rice
110.3,43.6,36.6,25.6,81.8,6.94,142.0,rice
100.3,54.2,46.9,30.9,81.6,6.33,217.8,rice
101.5,44.1,50.2,25.0,78.9,6.19,240.6,rice
51.7,52.0,45.3,22.0,83.5,6.59,217.7,rice
60.2,61.7,37.6,29.1,85.7,6.05,219.8,rice
94.2,27.3,56.7,24.7,77.7,6.24,208.2,rice
99.1,53.5,31.6,24.8,81.4,7.16,196.6,rice
116.3,48.4,40.2,26.3,81.2,6.64,241.2,rice
105.4,59.9,35.4,25.8,78.4,6.53,189.2,rice
110.9,38.7,45.4,29.1,71.7,7.25,191.5,rice
69.6,49.6,45.3,26.8,87.0,6.7,208.9,rice
106.8,47.0,62.8,22.6,82.7,6.43,224.4,rice
87.3,30.6,46.6,27.8,89.4,5.89,234.6,rice
135.5,44.2,32.1,25.8,82.1,6.63,182.3,rice
123.3,36.9,27.6,30.3,70.6,6.32,293.5,rice
99.8,36.8,44.4,26.8,82.8,6.66,168.8,rice
125.3,50.5,52.3,25.1,88.4,6.3,208.3,rice
86.0,38.0,51.9,25.7,77.7,6.14,221.0,rice
90.6,46.8,45.2,21.2,74.6,6.53,177.9,rice
115.9,57.7,52.2,32.5,81.6,6.66,182.5,rice
136.8,67.8,45.1,28.2,88.8,6.34,180.3,rice
113.1,48.8,46.8,24.5,73.4,6.49,227.1,rice
96.6,62.4,38.0,23.8,81.7,6.37,223.1,rice
88.4,61.7,64.7,26.9,88.2,5.98,232.3,rice
115.7,56.6,44.8,18.1,78.8,6.15,170.7,rice
101.8,43.8,36.8,23.8,78.4,6.85,180.2,rice
92.3,43.4,48.4,28.4,66.8,6.81,243.1,rice
84.2,38.3,40.5,24.7,83.1,5.62,166.5,rice
123.1,38.7,57.4,28.1,73.0,6.65,196.5,rice
93.2,50.4,49.7,29.1,87.9,6.56,158.7,rice
92.9,77.4,52.2,34.1,89.0,6.5,209.0,rice
99.5,30.6,45.2,30.6,79.0,6.56,225.5,rice
86.4,43.5,34.8,24.5,75.6,6.04,242.6,rice
